Years,Spot
0.25,3.830000000000045
0.3096192384769539,3.872707766961947
0.3692384769539078,3.907413519811686
0.4288577154308617,3.9350343928436304
0.48847695390781565,3.956487520352147
0.5480961923847696,3.9726900366316023
0.6077154308617234,3.9845590759763643
0.6673346693386774,3.9930117726808
0.7269539078156313,3.9989652610392765
0.7865731462925851,4.003336675346161
0.8461923847695391,4.0070431498958206
0.905811623246493,4.011001818982622
0.9654308617234468,4.016129816900935
1.0250501002004007,4.0233273818995094
1.0846693386773547,4.032909904529319
1.1442885771543085,4.044472241989311
1.2039078156312626,4.057564847454048
1.2635270541082164,4.071738174098094
1.3231462925851702,4.086542675096011
1.3827655310621243,4.101528803622361
1.4423847695390781,4.116247012851707
1.502004008016032,4.130247759120713
1.561623246492986,4.143173427503743
1.6212424849699398,4.154998888272348
1.6808617234468937,4.165774154819854
1.7404809619238477,4.175549240539587
1.8001002004008015,4.184374158824873
1.8597194388777554,4.19229892306904
1.9193386773547094,4.199373546665412
1.9789579158316633,4.205648043007318
2.038577154308617,4.211171393093578
2.098196392785571,4.215979680360434
2.157815631262525,4.220100221035202
2.2174348697394786,4.2235601638040965
2.277054108216433,4.226386657353328
2.3366733466933867,4.228606850369112
2.3962925851703405,4.23024789153766
2.4559118236472943,4.231336929545185
2.5155310621242486,4.231901319314288
2.5751503006012024,4.231990955187696
2.6347695390781563,4.231698264034038
2.69438877755511,4.231120390399277
2.754008016032064,4.230354478829379
2.8136272545090177,4.229497673870309
2.873246492985972,4.228647120068032
2.932865731462926,4.227899961968513
2.9924849699398797,4.227353344117716
3.0521042084168335,4.227092281400732
3.1117234468937873,4.227130726057254
3.171342685370741,4.22745683034126
3.2309619238476954,4.2280587101133476
3.2905811623246493,4.228924481234116
3.350200400801603,4.230042259564163
3.409819639278557,4.231400160964087
3.4694388777555107,4.232986301294485
3.5290581162324646,4.234788884653736
3.588677354709419,4.236798269974704
3.6482965931863727,4.239007043062758
3.7079158316633265,4.241407892373543
3.7675350701402803,4.243993506362704
3.827154308617234,4.246756573485886
3.886773547094188,4.249689782198735
3.9463927855711423,4.252785820956897
4.006012024048096,4.256037377978599
4.06563126252505,4.259436833557207
4.125250501002004,4.2629756552762705
4.184869739478957,4.266645142405607
4.244488977955912,4.270436594215032
4.304108216432866,4.274341309974368
4.363727454909819,4.27835058895343
4.423346693386773,4.282455730422035
4.482965931863728,4.286648033650004
4.542585170340681,4.2909188025252005
4.602204408817635,4.295259386303191
4.661823647294589,4.299661159989772
4.721442885771543,4.304115498886296
4.781062124248497,4.3086137782941165
4.840681362725451,4.313147373514587
4.900300601202405,4.317707659849061
4.959919839679358,4.32228601259889
5.0195390781563125,4.326873848967148
5.079158316633266,4.331465204730857
5.13877755511022,4.336058235694944
5.198396793587174,4.340651459330601
5.258016032064128,4.3452433931090235
5.317635270541082,4.349832554501403
5.3772545090180355,4.354417460978931
5.43687374749499,4.358996630012802
5.496492985971944,4.363568579074209
5.556112224448897,4.368131824424246
5.615731462925852,4.3726848765474005
5.675350701402805,4.377226244206364
5.734969939879759,4.381754436163539
5.794589178356713,4.386267961181328
5.854208416833667,4.390765328022128
5.913827655310621,4.39524504544834
5.973446893787575,4.399705622222368
6.033066132264529,4.4041455651402615
6.092685370741482,4.408563345557896
6.152304609218437,4.412957404101389
6.211923847695391,4.417326180378604
6.271543086172344,4.4216681139973995
6.3311623246492985,4.42598164456564
6.390781563126252,4.430265211691186
6.450400801603206,4.434517254981901
6.51002004008016,4.438736213991933
6.569639278557114,4.442920510459
6.629258517034068,4.4470685226204925
6.6888777555110215,4.451178622199196
6.748496993987976,4.455249180917899
6.808116232464929,4.45927857049939
6.867735470941883,4.463265162666455
6.927354709418838,4.4672073291418855
6.986973947895791,4.471103441648466
7.046593186372745,4.474952109367899
7.106212424849699,4.478753804500371
7.165831663326653,4.4825098784935555
7.225450901803607,4.486221687983833
7.285070140280561,4.4898905896075885
7.344689378757515,4.493517940001206
7.404308617234468,4.497105095801069
7.463927855711423,4.500653413643559
7.523547094188376,4.504164250696944
7.58316633266533,4.507638985435883
7.6427855711422845,4.5110790243826075
7.702404809619238,4.514485775971482
7.762024048096192,4.517860648636869
7.821643286573146,4.5212050508131325
7.8812625250501,4.5245203909346365
7.940881763527054,4.527808077435746
8.000501002004007,4.531069518750827
8.060120240480963,4.5343061303982335
8.119739478957914,4.537519355526892
8.17935871743487,4.540710644021405
8.238977955911825,4.54388144576637
8.298597194388778,4.547033210646392
8.358216432865731,4.550167388546066
8.417835671342685,4.553285429349994
8.477454909819638,4.556388782942776
8.537074148296593,4.559478901207215
8.596693386773547,4.562557263483305
8.6563126252505,4.565625369064484
8.715931863727455,4.568684717693537
8.775551102204409,4.571736809113249
8.835170340681362,4.574783143066406
8.894789579158315,4.57782521929579
8.95440881763527,4.5808645375441905
9.014028056112224,4.583902597664863
9.073647294589177,4.586940915054919
9.133266533066132,4.589981036547861
9.192885771543086,4.593024512769506
9.25250501002004,4.596072894345678
9.312124248496994,4.599127731902198
9.371743486973948,4.602190576064884
9.431362725450901,4.60526297745956
9.490981963927855,4.608346486712044
9.55060120240481,4.611442661188832
9.610220440881763,4.6145531009575205
9.669839679358716,4.6176794227559865
9.729458917835672,4.620823243360257
9.789078156312625,4.623986179546363
9.848697394789578,4.627169848090335
9.908316633266532,4.630375865768201
9.967935871743487,4.633605849355992
10.02755511022044,4.636861385695814
10.087174348697394,4.64014323355095
10.146793587174349,4.643451237715166
10.206412825651302,4.646785195817694
10.266032064128256,4.650144905487758
10.32565130260521,4.653530164354589
10.385270541082164,4.65694077004742
10.444889779559118,4.660376520195476
10.504509018036071,4.663837212427342
10.564128256513026,4.6673226425101015
10.62374749498998,4.670832600268779
10.683366733466933,4.674366874345315
10.742985971943888,4.677925253381656
10.802605210420841,4.6815075260197405
10.862224448897795,4.685113480901514
10.921843687374748,4.688742906668916
10.981462925851703,4.692395591963891
11.041082164328657,4.69607132534615
11.10070140280561,4.6997698944932305
11.160320641282565,4.703491086546695
11.219939879759519,4.70723468864055
11.279559118236472,4.711000487908803
11.339178356713425,4.714788271485461
11.39879759519038,4.718597826504533
11.458416833667334,4.7224289401000235
11.518036072144287,4.726281399381229
11.577655310621243,4.730154989583783
11.637274549098196,4.7340494927888574
11.69689378757515,4.737964690774753
11.756513026052104,4.7419003653197676
11.816132264529058,4.745856298202203
11.875751503006011,4.74983227120036
11.935370741482965,4.753828066092535
11.99498997995992,4.757843464657031
12.054609218436873,4.761878247890401
12.114228456913827,4.765932192761503
12.173847695390782,4.7700050749457565
12.233466933867735,4.77409667011798
12.293086172344688,4.778206753952991
12.352705410821642,4.782335102125606
12.412324649298597,4.786481490310643
12.47194388777555,4.790645694182921
12.531563126252504,4.794827489227629
12.591182364729459,4.799026647116598
12.650801603206412,4.803242935990019
12.710420841683366,4.807476123854894
12.77004008016032,4.811725978718229
12.829659318637274,4.815992268587029
12.889278557114228,4.8202747614682995
12.948897795591181,4.824573225369045
13.008517034068136,4.82888742829188
13.06813627254509,4.833217136009023
13.127755511022043,4.837562108440092
13.187374749498998,4.84192210455635
13.246993987975952,4.846296883329058
13.306613226452905,4.850686203729475
13.366232464929858,4.855089824728866
13.425851703406813,4.85950750529849
13.485470941883767,4.863939004409609
13.54509018036072,4.868384080276098
13.604709418837675,4.872842484656546
13.664328657314629,4.877313966042871
13.723947895791582,4.881798272901645
13.783567134268537,4.88629515369945
13.84318637274549,4.8908043569028585
13.902805611222444,4.89532563097845
13.962424849699397,4.899858724392799
14.022044088176353,4.904403385511277
14.081663326653306,4.908959357958752
14.14128256513026,4.913526378690276
14.200901803607215,4.9181041841596755
14.260521042084168,4.922692510820778
14.320140280561121,4.9272910951274085
14.379759519038075,4.931899673533397
14.43937875751503,4.936517982492568
14.498997995991983,4.941145758458749
14.558617234468937,4.945782735733473
14.618236472945892,4.95042863956383
14.677855711422845,4.9550831928162795
14.737474949899799,4.959746118357267
14.797094188376752,4.964417139053244
14.856713426853707,4.969095977770655
14.91633266533066,4.97378235737595
14.975951903807614,4.978476000735577
15.035571142284569,4.983176630177021
15.095190380761522,4.98788395985496
15.154809619238476,4.99259769757675
15.214428857715431,4.9973175509832135
15.274048096192384,5.002043227715171
15.333667334669338,5.006774435413445
15.393286573146291,5.011510881718855
15.452905811623246,5.016252274272224
15.5125250501002,5.020998320688215
15.572144288577153,5.025748723687467
15.631763527054108,5.030503175375094
15.691382765531062,5.035261366465777
15.751002004008015,5.040022987674202
15.810621242484968,5.044787729715053
15.870240480961924,5.049555283303012
15.929859719438877,5.054325339152766
15.98947895791583,5.059097587978996
16.049098196392784,5.063871718757531
16.10871743486974,5.068647408541259
16.168336673346694,5.073424329381957
16.22795591182365,5.078202153314294
16.2875751503006,5.082980552372937
16.347194388777556,5.087759198592554
16.406813627254508,5.0925377640078135
16.466432865731463,5.097315920653385
16.526052104208414,5.102093340279235
16.58567134268537,5.106869685649886
16.645290581162325,5.111644608936685
16.704909819639276,5.116417761702013
16.76452905811623,5.121188795508246
16.824148296593187,5.125957361917762
16.883767535070138,5.13072311249294
16.943386773547093,5.135485698796157
17.00300601202405,5.140244772389315
17.062625250501,5.144999980532376
17.122244488977955,5.149750955687049
17.18186372745491,5.154497327135525
17.241482965931862,5.159238724159996
17.301102204408817,5.163974776042651
17.360721442885772,5.168705112065678
17.420340681362724,5.173429361511269
17.47995991983968,5.178147153661613
17.53957915831663,5.182858116625084
17.599198396793586,5.187561864724788
17.65881763527054,5.192258003323352
17.718436873747493,5.196946137631026
17.778056112224448,5.2016258728580675
17.837675350701403,5.20629681421473
17.897294589178355,5.210958566911266
17.95691382765531,5.215610736157932
18.016533066132265,5.220252927073261
18.076152304609217,5.224884736179838
18.13577154308617,5.229505744506111
18.195390781563127,5.234115531457183
18.25501002004008,5.238713676438162
18.314629258517034,5.243299758854157
18.37424849699399,5.247873358110272
18.43386773547094,5.252434053611614
18.493486973947896,5.256981424763291
18.553106212424847,5.261515047739876
18.612725450901802,5.266034480741949
18.672344689378757,5.270539275755451
18.73196392785571,5.275028984760368
18.791583166332664,5.2795031597366835
18.85120240480962,5.283961352664379
18.91082164328657,5.288403115523441
18.970440881763526,5.292828000293852
19.03006012024048,5.297235558338995
19.089679358717433,5.301625327116364
19.149298597194388,5.305996830329153
19.208917835671343,5.310349591094279
19.268537074148295,5.31468313252865
19.32815631262525,5.318996977749181
19.387775551102205,5.323290649872786
19.447394789579157,5.3275636720163755
19.507014028056112,5.331815567288714
19.566633266533064,5.336045851842696
19.62625250501002,5.340254022199513
19.685871743486974,5.344439571441651
19.745490981963925,5.348601992651591
19.80511022044088,5.352740778911821
19.864729458917836,5.3568554233048244
19.924348697394787,5.360945418913087
19.983967935871743,5.365010258819095
20.043587174348698,5.369049434096959
20.10320641282565,5.3730624171925765
20.162825651302605,5.377048670450929
20.22244488977956,5.3810076561170606
20.28206412825651,5.384938836436013
20.341683366733466,5.38884167365283
20.40130260521042,5.392715630012555
20.460921843687373,5.396560167760229
20.52054108216433,5.400374748928545
20.58016032064128,5.404158823779632
20.639779559118235,5.407911824868335
20.69939879759519,5.411633183287382
20.759018036072142,5.415322330129503
20.818637274549097,5.41897869648743
20.878256513026052,5.422601713453891
20.937875751503004,5.426190812121615
20.99749498997996,5.4297454235833325
21.057114228456914,5.433264974412652
21.116733466933866,5.436748870675671
21.17635270541082,5.440196512624281
21.235971943887776,5.4436073005099885
21.295591182364728,5.446980634584305
21.355210420841683,5.450315915098735
21.414829659318638,5.45361254230479
21.47444889779559,5.456869916453977
21.534068136272545,5.460087436872646
21.593687374749496,5.463264487347343
21.65330661322645,5.46640043877019
21.712925851703407,5.469494661643013
21.77254509018036,5.4725465264676325
21.832164328657313,5.475555403745871
21.89178356713427,5.478520663979552
21.95140280561122,5.481441677670497
22.011022044088175,5.484317815291346
22.07064128256513,5.487148439749048
22.130260521042082,5.489932896336898
22.189879759519037,5.492670527846952
22.249498997995993,5.495360677071263
22.309118236472944,5.498002686801884
22.3687374749499,5.500595899830872
22.42835671342685,5.503139658950278
22.487975951903806,5.505633306952159
22.54759519038076,5.508076184547177
22.607214428857713,5.510467616979936
22.666833667334668,5.512806922530383
22.726452905811623,5.5150934194449075
22.786072144288575,5.517326425969894
22.84569138276553,5.519505260351731
22.905310621242485,5.5216292408368055
22.964929859719437,5.523697685671505
23.024549098196392,5.525709912868543
23.084168336673347,5.527665231957557
23.1437875751503,5.529562941783946
23.203406813627254,5.531402340511849
23.26302605210421,5.533182726305401
23.32264529058116,5.534903397328743
23.382264529058116,5.53656365174601
23.441883767535067,5.538162787721341
23.501503006012022,5.539700103418835
23.561122244488978,5.54117489446025
23.62074148296593,5.542586447038186
23.680360721442884,5.543934045159727
23.73997995991984,5.545216972831958
23.79959919839679,5.546434514061961
23.859218436873746,5.547585952856821
23.9188376753507,5.548670573223619
23.978456913827653,5.549687659169441
24.03807615230461,5.550636494413278
24.097695390781563,5.5515163589602405
24.157314629258515,5.552326530233954
24.21693386773547,5.553066285605869
24.276553106212425,5.55373490244743
24.336172344689377,5.554331658130086
24.395791583166332,5.554855830025284
24.455410821643284,5.555306695504472
24.51503006012024,5.555683531945955
24.574649298597194,5.555985617540948
24.634268537074146,5.5562122320503775
24.6938877755511,5.556362655414256
24.753507014028056,5.556436167572598
24.813126252505008,5.556432048465415
24.872745490981963,5.556349578032724
24.932364729458918,5.556188036214537
24.99198396793587,5.555946702950868
25.051603206412825,5.555624859638088
25.11122244488978,5.555221796429093
25.17084168336673,5.554736806734065
25.230460921843687,5.554169183968645
25.29008016032064,5.553518221548478
25.349699398797593,5.552783212889203
25.40931863727455,5.551963451406466
25.4689378757515,5.551058230515908
25.528557114228455,5.550066844109469
25.58817635270541,5.548988598195333
25.647795591182362,5.547822811580574
25.707414829659317,5.5465688036852265
25.767034068136272,5.545225893929319
25.826653306613224,5.543793401732884
25.88627254509018,5.542270646515952
25.945891783567134,5.540656947698554
26.005511022044086,5.538951624705987
26.06513026052104,5.5371540056328685
26.124749498997996,5.535263444910922
26.184368737474948,5.533279301954743
26.243987975951903,5.53120093617893
26.303607214428858,5.52902770699808
26.36322645290581,5.526758973826788
26.422845691382765,5.524394096079655
26.482464929859717,5.521932433171277
26.54208416833667,5.519373347741821
26.601703406813627,5.5167162350549015
26.66132264529058,5.513960509316895
26.720941883767534,5.511105584967509
26.78056112224449,5.508150876446453
26.84018036072144,5.505095798193433
26.899799599198396,5.50193976464816
26.95941883767535,5.49868219025034
27.019038076152302,5.495322489825097
27.078657314629258,5.491860103837308
27.138276553106213,5.488294514011397
27.197895791583164,5.484625205804531
27.25751503006012,5.480851664673871
27.317134268537075,5.476973376076583
27.376753507014026,5.472989825469832
27.43637274549098,5.468900498310781
27.495991983967933,5.464704880056596
27.555611222444888,5.460402467790534
27.615230460921843,5.455992815521924
27.674849699398795,5.451475494655788
27.73446893787575,5.446850076601492
27.794088176352705,5.44211613276841
27.853707414829657,5.437273234565914
27.913326653306612,5.432320953403371
27.972945891783567,5.427258860690156
28.03256513026052,5.422086530671802
28.092184368737474,5.416803590583836
28.15180360721443,5.411409714629415
28.21142284569138,5.405904578637896
28.271042084168336,5.400287858438627
28.330661322645287,5.394559229860966
28.390280561122243,5.388718368734263
28.449899799599198,5.382764950887872
28.50951903807615,5.37669865222293
28.569138276553105,5.370519175857226
28.62875751503006,5.36422629296974
28.68837675350701,5.357819785204844
28.747995991983966,5.3512994342069025
28.80761523046092,5.344665021620283
28.867234468937873,5.337916329089353
28.92685370741483,5.331053138258479
28.986472945891784,5.324075230772029
29.046092184368735,5.31698240084524
29.10571142284569,5.309774544062238
29.165330661322646,5.302451604977375
29.224949899799597,5.29501352846276
29.284569138276552,5.287460259390495
29.344188376753504,5.279791742632692
29.40380761523046,5.272007923061456
29.463426853707414,5.26410874554889
29.523046092184366,5.256094154967107
29.58266533066132,5.247964096188209
29.642284569138276,5.239718514084305
29.701903807615228,5.2313573535275015
29.761523046092183,5.222880559389906
29.821142284569138,5.214288076543624
29.88076152304609,5.2055798498607615
29.940380761523045,5.196755824213428
30.0,5.187815944473728
